{
  "slides": [
    {
      "id": 1,
      "picture": "images/carousel/seeds.jpg",
      "alt": "A glass dish with tiny pelleted lisianthus seeds in it. They're ready for planting.",
      "caption": "Jan 23: Lisianthus and perennial seeds started."
    },
    {
      "id": 2,
      "picture": "images/carousel/underlights.jpg",
      "alt": "Trays of soil with labels poking out, under purple grow lights.",
      "caption": "Jan 25: Seed starts are under lights, just waiting."
    },
    {
      "id": 3,
      "picture": "images/carousel/daisy-sprout.jpg",
      "alt": "A tiny green seedling poking up through the soil.",
      "caption": "Jan 27: The daisy's were the first to sprout."
    },
    {
      "id": 4,
      "picture": "images/carousel/funkylupine.jpg",
      "alt": "Larger seeds tend to lose viability sooner than the tiny seeds, and these 3 year old lupine seeds have gone bad. White mold is growing all over them.",
      "caption": "Jan 28: Time to remove non-viable lupine seeds."
    },
    {
      "id": 5,
      "picture": "images/carousel/echinacealeaf.jpg",
      "alt": "A cute, sunlit echinacea leaf sticking out of the soil.",
      "caption": "Feb 10: Echinacea is starting to take off."
    },
    {
      "id": 6,
      "picture": "images/carousel/hardyanuals.jpg",
      "alt": "A tray of tiny soil blocks. They look like little brownies, but they don't taste like them!",
      "caption": "Feb 10: Hardy annuals are starting to sprout."
    },
    {
      "id": 7,
      "picture": "images/carousel/lupine.jpg",
      "alt": "A cute little lupine plant growing with it's tag in the background.",
      "caption": "Feb 11: Lupine seedlings are the cutest!"
    },
    {
      "id": 8,
      "picture": "images/carousel/manysprouts.jpg",
      "alt": "A tray full of tiny seedlings.",
      "caption": "Feb 15: Happy seedlings on watering day."
    },
    {
      "id": 9,
      "picture": "images/carousel/lisianthusprogress.jpg",
      "alt": "It's the biggest lisianthus plant I have, but it's still smaller than a pencil eraser.",
      "caption": "Mar 3: Five weeks later... lisianthus grow so slowly!"
    }
  ]
}
